"DESCRIPTION","DURATION IN MS","NAME","PARENT SUITE","START TIME","STATUS","STOP TIME","SUB SUITE","SUITE","TEST CLASS","TEST METHOD"
"","1086","Reausable test case","chromium","2026-10-02","passed","2026-10-02","","Ui\ReausableTest.spec.js","",""
"","1055","Screenshots for Test","chromium","2026-10-02","passed","2026-10-02","","Ui\Screenshots.spec.js","",""
"","830","Screenshots for Test","chromium","2026-10-01","failed","2026-10-01","","Screenshots.spec.js","",""
"","335","Put Request test","chromium","2026-10-02","passed","2026-10-02","","API\PUTRequest.spec.js","",""
"","808","Logs Test","chromium","2026-10-01","passed","2026-10-01","","LogsTestCase.spec.js","",""
"","1920","first test case","chromium","2026-09-29","passed","2026-09-29","","Basic.spec.js","",""
"","21165","login","chromium","2026-09-29","passed","2026-09-29","","Login.spec.js","",""
"","540","Playwright Reporting","chromium","2026-10-02","passed","2026-10-02","","Ui\PlayrwrightReporting.spec.js","",""
"","1763","first test case","chromium","2026-10-02","passed","2026-10-02","","Ui\Basic.spec.js","",""
"","20653","login","chromium","2026-10-02","passed","2026-10-02","","Ui\Login.spec.js","",""
"","837","Logs Test","chromium","2026-10-02","passed","2026-10-02","","Ui\LoggerTestCase.spec.js","",""
"","419","Post Request test","chromium","2026-10-02","passed","2026-10-02","","API\POSTRequest.spec.js","",""
"","8360","Reausable test case","chromium","2026-09-30","passed","2026-09-30","","ReausableTest.spec.js","",""
"","435","Get Request test","chromium","2026-10-02","passed","2026-10-02","","API\GETRequest.spec.js","",""
"","1891","Playwright Reporting","chromium","2026-09-29","passed","2026-09-29","","PlayrwrightReporting.spec.js","",""
